,Nama Produk,Harga Produk,Penjual,Kota Toko,Banyaknya Terjual,Rating Produk
0,Seblak Mix Sagala Aya Ratubasreng 500 Gram Pedas Daun Jeruk - Camilan/Lauk Pauk - Kerupuk,20000,Ratubasreng91,Kab. Bandung,100000,4.8
1,kylafood seblak varian tulang rawan,21165,Kylafood,Bandung,10000,4.9
2,kerupuk jengkol pedas 500gr/ seblak bantat,20999,ratihfood14,Kab. Bandung,10000,4.9
3,Seblak mix/ seblak campur/ seblak pedas daun jeruk kemasan 500gr,19800,diseblakanid,Kab. Bandung,10000,4.8
4,Kylafood  Seblak  Karuhun - Makanan Instan Pedas,13500,Kylafood,Bandung,6000,4.8
5,SEBLAK CAMPUR/MIX ANEKA KERUPUK SEBLAK JENGKOL/BETON/PEDO/BASRENG neto 500gram Pedas Snack,20250,KANGSEBLAK.ID,Kab. Bandung,10000,4.8
6,SEBLAK VIRAL/MIX SEBLAK CAMPURAN/MIX VIRAL RENYAH Food Makanan Pedas Kering,11000,grosir cemilan pedas,Kab. Bandung,50000,4.6
7,Kylafood Paket Seblak Cup instan isi 2 PCS Pedas,28730,Kylafood,Bandung,10000,4.7
8,(5) Lima BUNGKUS SEBLAK INSTAN PAKET HEMAT BANGSATRIA Food Jajanan Alami Makanan Pedas,62880,TOKO BANGSATRIA,Kab.Ciamis,10000,4.9
9,SEBLAK CAMPUR/KERUPUK MIX PEDAS DAUN JERUK 1KG,41999,Rajalada_NEW,Kab. Bandung,4000,4.8
10,SEBLAK CAMPUR 500gram SEBLAK MIX [SEBLAK BETON - SEBLAK JENGKOL ASBES - SEBLAK SISIR - SEBLAK KERUPUK RAFAEL] PEDAS RENYAH JAGO NGEMIL,13450,Jago Ngemil,Kab.Ciamis,4000,4.8
11,SEBLAK BASRENG KOIN PEDAS DAUN JERUK 1KG,55786,Ngaladastore,Kab. Subang,50000,4.7
12,Agen Seblak Mommy,9999,Kenal Jaya_NEW,Bandung,4000,4.9
13,Seblak mix 1kg/ Seblak Campur/Aneka Kerupuk pedas daun jeruk Bumbu Cikruh,40000,Cemilan Cepiah,Kab. Bandung,4000,4.7
14,Seblak kerupuk bawang bantat pedas daun jeruk 500 gram,20000,Cemilan Cepiah,Kab. Bandung,6000,4.7
15,[termurah] Seblak kering pedas daun jeruk 1kg camilan kerupuk,35999,jaya makmur 2,Kab. Gresik,5000,4.7
16,"Krupuk Seblak Kering Bantat Bumbu Cikruh Pedas Daun Jeruk 500GR Snacks - Manis, Kerupuk, Camilan, Cemilan, Food",22000,sebringmakyah,Kab. Tuban,3000,4.7
17,[PUTRI] Seblak Instan Ceu Nthien Khas Bandung Rasana Ngeunah Pisan,17000,Central Seblak Nusantara,Tangerang Selatan,1000,5.0
18,Bundling 1 Seblak + Baso Aci + Keju Aroma Sajodo Snack & Food,58000,Sajodo Snack & Food,Tasikmalaya,4000,4.8
19,"SEBLAK JUARA - SEBLAK INSTANT ASLI BANDUNG ENAK, ASLI DAN HIGIENIS",22000,Rasa Juara Indonesia_NEW,Kab. Bandung,2000,4.8
20,SEBLAK CAMPUR 1KG / ANEKA SEBLAK MIX BUMBU CIKRUHPEDAS DAUN JERUK Snacks Pedas Cemilan Food Kerupuk Makanan Camilan Kering Jengkol/ped/jaat/cimol/siomay,39000,BasrengSunda12_NEW,Kab. Bandung,2000,4.7
21,Mama Fuji - SEBLAK INSTAN Food Noodles,25649,Mama Fuji Real,Tangerang,2000,4.8
22,Lalada Food Kerupuk Seblak Kering Sebring 1kg Cemilan Pedas Original Gurih Ekstra Pedas Halal,52500,Lalada Food,Tasikmalaya,1000,4.8
